code,year,properties,land ,improvement,total,taxbill,numberofproperties
0101,2012,All,"121,524","133,995","255,517","4,793","4,381"
0102,2012,All,"554,300","782,876","1,336,241","17,664","17,032"
0103,2012,All,"369,343","134,903","504,245","5,717","9,280"
0104,2012,All,"55,974","126,870","182,838","3,975","1,922"
0105,2012,All,"26,294","52,524","78,818","1,491","9,194"
0106,2012,All,"37,376","67,402","104,649","2,145",387
0107,2012,All,"21,373","43,007","64,267","1,890","4,688"
0108,2012,All,"39,255","97,817","136,850","5,006","21,195"
0109,2012,All,"22,085","31,592","53,598","1,259","2,673"
0110,2012,All,"19,942","58,487","78,234","2,089","1,431"
0111,2012,All,"77,753","147,597","225,350","3,710","19,771"
0112,2012,All,"50,660","110,536","161,188","3,257","17,456"
0113,2012,All,"35,429","113,426","148,375","4,569","6,567"
0114,2012,All,"103,125","169,217","272,258","9,678","3,103"
0115,2012,All,"832,741","267,518","1,100,253","8,575","1,688"
0116,2012,All,"315,123","173,390","488,496","6,181","7,487"
0117,2012,All,"19,455","41,185","60,487","2,209","5,239"
0118,2012,All,"104,578","193,051","297,620","7,135","3,667"
0119,2012,All,"60,646","133,834","193,503","4,822","6,575"
0120,2012,All,"39,975","88,771","128,347","3,857",656
0121,2012,All,"63,518","117,632","180,759","6,770","4,393"
0122,2012,All,"267,617","123,174","390,783","7,056","6,772"
0123,2012,All,"28,955","65,032","93,761","2,910","1,112"
0101,2012,Residential,"110,649","135,869","246,518","5,061","3,288"
0102,2012,Residential,"134,963","94,692","228,785","4,656","11,055"
0103,2012,Residential,"363,181","136,135","499,316","5,966","8,549"
0104,2012,Residential,"57,664","123,593","181,257","4,519","1,283"
0105,2012,Residential,"67,748","147,314","215,062","4,488","2,411"
0106,2012,Residential,"35,084","95,604","130,688","3,211",216
0107,2012,Residential,"44,674","98,414","142,667","5,578","1,238"
0108,2012,Residential,"33,991","103,294","137,285","5,693","14,428"
0109,2012,Residential,"35,906","99,589","135,495","3,817",739
0110,2012,Residential,"26,847","91,554","118,401","3,338",665
0111,2012,Residential,"82,438","140,919","223,356","4,504","13,278"
0112,2012,Residential,"49,915","137,275","187,190","4,428","8,698"
0113,2012,Residential,"31,363","104,057","135,420","4,653","4,589"
0114,2012,Residential,"94,701","152,995","247,696","9,417","2,735"
0115,2012,Residential,"808,724","282,192","1,090,916","8,794","1,588"
0116,2012,Residential,"321,489","186,177","507,666","6,736","6,584"
0117,2012,Residential,"29,918","86,215","116,133","4,577","2,182"
0118,2012,Residential,"73,376","168,075","241,451","6,397","3,122"
0119,2012,Residential,"36,759","90,837","126,792","3,761","5,123"
0120,2012,Residential,"40,896","115,248","156,144","5,073",460
0121,2012,Residential,"48,103","77,732","125,835","5,416","3,759"
0122,2012,Residential,"267,125","119,141","386,265","7,153","6,311"
0123,2012,Residential,"30,204","91,992","122,196","4,032",662
0201,2012,All,"332,373","349,952","682,321","14,389","2,440"
0202,2012,All,"2,977,333","1,109,575","4,086,706","17,079",800
0203,2012,All,"202,877","183,503","386,374","10,457","7,451"
0204,2012,All,"199,936","188,760","388,388","9,423","2,266"
0205,2012,All,"220,583","235,728","455,136","16,990","2,202"
0206,2012,All,"190,470","218,416","408,772","8,066","7,083"
0207,2012,All,"401,911","317,936","719,814","13,628","3,097"
0208,2012,All,"289,208","358,059","647,263","13,853","2,998"
0209,2012,All,"453,316","323,888","777,169","15,963","1,764"
0210,2012,All,"177,205","161,074","338,277","10,047","5,271"
0211,2012,All,"241,202","178,632","419,794","9,753","5,235"
0212,2012,All,"745,967","942,354","1,688,317","13,491","2,405"
0213,2012,All,"364,063","371,783","735,798","9,955","3,828"
0214,2012,All,"265,815","246,881","512,653","10,796","2,593"
0215,2012,All,"345,085","288,652","633,574","13,408","7,872"
0216,2012,All,"1,313,809","700,345","2,014,149","12,680","2,152"
0217,2012,All,"218,079","182,562","400,641","10,650","11,118"
0218,2012,All,"180,799","282,173","462,924","10,038","2,693"
0219,2012,All,"421,407","339,289","760,667","14,409","8,434"
0220,2012,All,"496,988","636,507","1,133,496","16,617","3,779"
0221,2012,All,"143,738","225,440","369,061","7,738","6,501"
0222,2012,All,"363,605","252,870","616,437","14,447","4,136"
0223,2012,All,"271,087","288,541","559,238","14,688","10,215"
0224,2012,All,"437,166","227,248","664,408","12,455","1,733"
0225,2012,All,"197,413","250,509","447,919","11,258","3,719"
0226,2012,All,"325,043","330,840","655,762","15,364","1,326"
0227,2012,All,"387,536","201,361","588,895","11,553","3,583"
0228,2012,All,"377,655","376,265","753,874","13,375","1,583"
0229,2012,All,"322,635","254,920","577,530","11,915","2,688"
0230,2012,All,"285,432","358,112","643,540","11,268","2,595"
0231,2012,All,"194,229","225,389","419,581","11,527","5,167"
0232,2012,All,"332,240","215,289","547,527","11,178","5,853"
0233,2012,All,"292,656","307,000","599,393","8,712","10,381"
0234,2012,All,"233,416","175,400","408,813","10,060","3,014"
0235,2012,All,"244,989","230,236","475,221","10,893","2,480"
0236,2012,All,"409,565","423,630","833,195","13,481","2,984"
0237,2012,All,"639,199","566,596","1,205,031","17,191",829
0238,2012,All,"258,189","209,042","467,229","10,480","4,460"
0239,2012,All,"243,330","201,945","445,248","9,644","4,188"
0240,2012,All,"257,625","243,030","500,582","11,768","1,766"
0241,2012,All,"292,415","288,603","580,954","11,152","2,257"
0242,2012,All,"219,482","251,564","471,044","10,759","5,032"
0243,2012,All,"460,898","410,821","871,698","13,874","2,105"
0244,2012,All,"351,120","277,830","628,907","13,057","2,837"
0245,2012,All,"292,106","304,090","596,184","9,570","4,080"
0246,2012,All,"604,776","403,872","1,008,604","14,829","8,979"
0247,2012,All,"285,855","251,459","537,247","11,213","3,172"
0248,2012,All,"277,109","260,442","537,150","13,032","5,608"
0249,2012,All,"298,334","272,864","571,195","10,038","3,037"
0250,2012,All,"204,706","222,379","426,429","12,201","3,293"
0251,2012,All,"491,166","416,534","907,699","16,060","8,110"
0252,2012,All,"226,823","219,109","445,929","12,376","3,529"
0253,2012,All,"348,153","271,457","619,607","12,280","3,561"
0254,2012,All,"266,003","252,637","518,635","9,794","2,052"
0255,2012,All,"1,421,223","1,112,282","2,533,287","20,360",114
0256,2012,All,"283,575","260,973","544,546","11,483","5,543"
0257,2012,All,"259,493","274,962","534,430","10,746","4,535"
0258,2012,All,"763,603","774,583","1,538,062","14,255","1,460"
0259,2012,All,"287,297","545,001","832,252","17,054",832
0260,2012,All,"281,148","259,583","540,730","11,784","12,183"
0261,2012,All,"535,294","346,179","881,454","17,687","4,906"
0262,2012,All,"3,546,974","3,629,916","7,176,199","44,120",110
0263,2012,All,"363,255","442,136","805,155","16,659","2,800"
0264,2012,All,"258,331","191,446","449,773","10,026","3,695"
0265,2012,All,"225,149","246,192","471,337","9,095","2,496"
0266,2012,All,"371,292","214,348","585,639","9,868","3,558"
0267,2012,All,"275,065","236,674","511,623","11,169","3,610"
0268,2012,All,"368,574","568,336","936,455","18,656","2,046"
0269,2012,All,"161,560","143,665","305,046","9,901","2,737"
0270,2012,All,"499,951","372,514","872,463","12,406","5,918"
0201,2012,Residential,"307,488","312,004","619,492","14,176","2,153"
0202,2012,Residential,"1,381,024","1,316,031","2,697,055","18,912",653
0203,2012,Residential,"166,483","153,237","319,720","9,347","6,871"
0204,2012,Residential,"186,169","154,042","339,871","8,735","2,022"
0205,2012,Residential,"56,601","101,399","158,000","6,306","1,555"
0206,2012,Residential,"184,239","168,456","352,694","7,337","6,485"
0207,2012,Residential,"362,805","302,234","665,039","13,612","2,683"
0208,2012,Residential,"255,736","348,561","604,296","13,943","2,716"
0209,2012,Residential,"403,717","318,293","722,009","16,383","1,639"
0210,2012,Residential,"165,737","141,466","307,203","9,712","4,974"
0211,2012,Residential,"196,333","135,357","331,690","8,225","4,774"
0212,2012,Residential,"165,849","151,612","317,461","5,104","1,956"
0213,2012,Residential,"230,303","202,943","433,246","6,392","3,384"
0214,2012,Residential,"217,154","216,558","433,712","10,073","2,317"
0215,2012,Residential,"255,162","203,332","458,494","10,958","6,785"
0216,2012,Residential,"802,650","461,123","1,263,773","10,047","1,924"
0217,2012,Residential,"172,464","151,214","323,679","9,588","10,201"
0218,2012,Residential,"113,587","185,308","298,891","7,619","2,123"
0219,2012,Residential,"275,162","192,393","467,555","9,280","7,698"
0220,2012,Residential,"444,419","587,924","1,032,343","15,815","3,450"
0221,2012,Residential,"112,893","168,348","281,170","6,720","5,497"
0222,2012,Residential,"310,284","237,621","547,904","14,225","3,843"
0223,2012,Residential,"113,762","129,354","243,117","7,158","8,221"
0224,2012,Residential,"416,121","223,013","639,133","12,884","1,590"
0225,2012,Residential,"159,139","190,597","349,736","9,862","3,310"
0226,2012,Residential,"276,664","327,301","603,965","15,438","1,131"
0227,2012,Residential,"355,568","194,178","549,746","11,616","3,291"
0228,2012,Residential,"376,442","377,029","753,471","13,904","1,436"
0229,2012,Residential,"269,966","207,117","477,073","11,364","2,440"
0230,2012,Residential,"213,340","141,687","355,027","8,596","2,238"
0231,2012,Residential,"152,711","165,625","318,336","9,712","4,443"
0232,2012,Residential,"163,862","141,824","305,686","7,846","5,112"
0233,2012,Residential,"241,217","227,582","468,798","7,400","9,247"
0234,2012,Residential,"173,243","143,349","316,592","8,827","2,731"
0235,2012,Residential,"204,368","187,669","392,037","9,911","2,195"
0236,2012,Residential,"338,454","312,780","651,234","10,997","2,652"
0237,2012,Residential,"200,519","188,478","388,997","7,125",598
0238,2012,Residential,"230,427","179,641","410,068","9,850","4,197"
0239,2012,Residential,"157,934","161,527","319,461","8,561","3,729"
0240,2012,Residential,"241,181","147,801","388,982","9,462","1,484"
0241,2012,Residential,"266,359","283,396","549,755","11,692","1,795"
0242,2012,Residential,"199,354","208,682","408,035","10,132","4,413"
0243,2012,Residential,"427,242","398,310","825,552","13,915","1,935"
0244,2012,Residential,"298,758","232,964","531,722","12,130","2,636"
0245,2012,Residential,"241,080","231,829","472,909","7,965","3,576"
0246,2012,Residential,"280,353","230,098","510,452","8,457","8,123"
0247,2012,Residential,"268,017","207,910","475,927","10,375","2,922"
0248,2012,Residential,"233,993","202,502","436,495","11,179","5,115"
0249,2012,Residential,"191,637","195,163","386,800","8,266","2,495"
0250,2012,Residential,"126,303","142,390","268,009","8,692","2,859"
0251,2012,Residential,"434,890","359,640","794,531","15,606","7,437"
0252,2012,Residential,"193,700","187,773","381,474","11,794","3,226"
0253,2012,Residential,"323,191","273,169","596,360","12,547","3,289"
0254,2012,Residential,"187,373","146,020","333,393","6,683","1,810"
0255,2012,Residential,"1,055,929","496,044","1,551,973","16,732",73
0256,2012,Residential,"250,241","194,066","444,307","10,077","5,013"
0257,2012,Residential,"200,203","159,043","359,246","7,651","4,135"
0258,2012,Residential,"822,962","873,562","1,696,524","16,151","1,210"
0259,2012,Residential,"174,581","210,946","385,528","8,383",514
0260,2012,Residential,"254,034","207,956","461,990","11,005","11,262"
0261,2012,Residential,"463,545","321,782","785,327","17,724","4,484"
0262,2012,Residential,"86,214","83,786","170,000","2,173",7
0263,2012,Residential,"342,304","415,041","757,345","16,060","2,618"
0264,2012,Residential,"246,032","169,128","415,160","9,869","3,338"
0265,2012,Residential,"194,488","172,494","366,981","7,571","2,158"
0266,2012,Residential,"346,839","192,919","539,758","10,063","3,378"
0267,2012,Residential,"233,095","165,169","398,264","9,247","3,102"
0268,2012,Residential,"279,219","403,723","682,942","14,770","1,871"
0269,2012,Residential,"117,856","118,214","235,995","8,065","2,488"
0270,2012,Residential,"461,616","350,165","811,781","12,345","5,536"
0301,2012,All,"85,038","67,530","152,562","1,831","1,602"
0302,2012,All,"35,246","96,828","131,991","4,590","1,046"
0303,2012,All,"113,873","193,061","305,928","6,717","1,500"
0304,2012,All,"134,284","216,105","350,276","8,299","4,110"
0305,2012,All,"59,564","133,121","192,677","4,669","4,156"
0306,2012,All,"89,645","234,673","324,294","7,839","7,644"
0307,2012,All,"116,835","307,728","424,539","7,079","2,208"
0308,2012,All,"124,224","200,045","324,268","7,427","6,485"
0309,2012,All,"91,037","173,732","264,764","5,319","2,105"
0310,2012,All,"67,479","198,365","265,842","8,233","5,656"
0311,2012,All,"88,644","207,554","296,193","6,266","2,009"
0312,2012,All,"82,983","180,899","263,813","5,391","2,647"
0313,2012,All,"118,292","220,957","339,201","8,177","16,865"
0314,2012,All,"102,114","121,699","223,775","5,266",264
0315,2012,All,"92,610","194,017","286,624","5,480","5,169"
0316,2012,All,"37,736","128,401","165,780","5,652","2,757"
0317,2012,All,"99,602","256,678","355,769","6,794","4,320"
0318,2012,All,"131,815","215,426","347,239","6,087","4,177"
0319,2012,All,"114,666","206,913","318,986","7,401","5,242"
0320,2012,All,"106,943","242,639","349,582","8,331","9,535"
0321,2012,All,"102,413","185,068","287,462","7,679","1,635"
0322,2012,All,"252,934","377,607","629,178","11,790","7,823"
0323,2012,All,"62,993","172,175","234,603","4,077","4,028"
0324,2012,All,"63,052","140,733","203,268","8,089","18,084"
0325,2012,All,"657,931","2,093,280","2,750,323","3,393",405
0326,2012,All,"90,742","324,071","414,812","5,111","1,484"
0327,2012,All,"24,623","80,272","104,701","4,784","3,285"
0328,2012,All,"20,734","94,173","114,125","2,752",641
0329,2012,All,"19,774","62,263","81,919","2,259","13,352"
0330,2012,All,"48,825","121,266","170,009","4,735","2,854"
0331,2012,All,"133,584","178,467","311,679","7,315","1,002"
0332,2012,All,"104,453","168,918","273,368","6,261","2,601"
0333,2012,All,"64,556","115,885","180,440","4,298","5,867"
0334,2012,All,"122,697","145,768","268,465","5,603","1,783"
0335,2012,All,"79,587","188,567","268,143","5,596","3,034"
0336,2012,All,"205,078","106,331","311,393","2,193",642
0337,2012,All,"125,145","256,572","381,714","6,649","3,608"
0338,2012,All,"47,323","147,905","194,955","5,291","11,633"
0339,2012,All,"26,042","25,172","51,212",635,"4,608"
0340,2012,All,"67,090","118,480","185,570","4,278",236
0301,2012,Residential,"118,287","154,476","272,763","4,106",533
0302,2012,Residential,"34,968","94,069","129,014","4,984",867
0303,2012,Residential,"94,555","149,750","244,304","6,175","1,196"
0304,2012,Residential,"82,098","156,915","239,013","6,918","3,513"
0305,2012,Residential,"41,531","99,592","141,113","4,300","3,215"
0306,2012,Residential,"60,392","171,218","231,610","6,372","6,649"
0307,2012,Residential,"120,738","271,228","391,965","8,487","1,546"
0308,2012,Residential,"113,692","175,928","289,620","7,109","5,578"
0309,2012,Residential,"82,274","155,626","237,900","5,384","1,780"
0310,2012,Residential,"51,635","157,714","209,349","6,957","5,149"
0311,2012,Residential,"76,591","198,318","274,909","6,657","1,600"
0312,2012,Residential,"60,195","135,216","195,334","4,490","2,384"
0313,2012,Residential,"95,279","176,529","271,808","7,141","15,138"
0314,2012,Residential,"88,590","119,731","208,321","5,134",201
0315,2012,Residential,"75,992","152,619","228,612","5,257","4,530"
0316,2012,Residential,"31,057","132,224","163,121","5,746","2,203"
0317,2012,Residential,"79,117","233,231","312,348","6,429","3,740"
0318,2012,Residential,"122,927","216,103","339,029","6,473","3,380"
0319,2012,Residential,"71,852","132,642","204,494","5,032","4,687"
0320,2012,Residential,"91,635","240,302","331,937","8,928","7,722"
0321,2012,Residential,"102,845","184,802","287,647","7,970","1,539"
0322,2012,Residential,"236,524","292,056","527,018","10,514","6,527"
0323,2012,Residential,"49,253","125,037","173,532","4,306","2,973"
0324,2012,Residential,"44,128","97,744","141,872","6,031","16,355"
0325,2012,Residential,"39,877","133,259","173,136","3,847",245
0326,2012,Residential,"75,925","233,321","309,246","5,475",967
0327,2012,Residential,"20,438","76,253","96,545","4,825","2,780"
0328,2012,Residential,"15,690","98,500","114,190","3,051",473
0329,2012,Residential,"22,439","73,692","96,131","3,285","8,021"
0330,2012,Residential,"41,383","112,439","153,822","4,633","2,441"
0331,2012,Residential,"127,226","161,397","288,214","7,458",886
0332,2012,Residential,"111,074","196,283","307,356","7,603","1,958"
0333,2012,Residential,"64,492","124,366","188,859","4,796","4,435"
0334,2012,Residential,"139,868","178,369","318,237","7,149","1,008"
0335,2012,Residential,"87,511","212,056","299,567","6,875","2,290"
0336,2012,Residential,"146,878","146,168","293,046","3,345",310
0337,2012,Residential,"72,175","167,078","239,253","4,850","3,186"
0338,2012,Residential,"37,112","122,075","159,089","5,134","10,823"
0339,2012,Residential,"110,929","159,010","269,939","4,621",472
0340,2012,Residential,"20,705","84,491","105,196","3,867",129
0401,2012,All,"101,533","141,067","242,575","6,526","3,273"
0402,2012,All,"1,529,878","2,415,767","3,943,978","158,623",6
0403,2012,All,"107,770","211,897","319,356","8,009","2,242"
0404,2012,All,"71,965","179,745","251,697","6,780","3,780"
0405,2012,All,"90,151","190,552","280,529","6,711","3,036"
0406,2012,All,"47,708","98,952","146,076","7,224","2,573"
0407,2012,All,"46,122","133,817","179,691","4,396",883
0408,2012,All,"26,508","89,393","115,763","1,380","31,417"
0409,2012,All,"60,727","130,681","190,797","10,320","27,197"
0410,2012,All,"33,470","67,802","101,272","2,392","1,078"
0411,2012,All,"46,705","105,271","151,941","4,333","2,151"
0412,2012,All,"94,242","195,164","288,655","6,844","4,707"
0413,2012,All,"58,765","102,801","161,402","6,353","1,211"
0414,2012,All,"24,135","78,606","101,988","4,053","4,555"
0415,2012,All,"66,232","169,622","235,750","6,380","22,389"
0416,2012,All,"81,367","170,820","251,788","7,268","5,461"
0417,2012,All,"275,965","267,428","543,390","12,710","4,608"
0418,2012,All,"127,354","190,008","317,359","7,338","2,889"
0419,2012,All,"72,147","206,363","278,325","7,306",162
0420,2012,All,"41,497","83,504","120,673","7,507",721
0421,2012,All,"49,485","116,102","165,442","5,869","1,441"
0422,2012,All,"23,091","73,545","96,431","5,455","4,908"
0423,2012,All,"55,697","126,812","182,365","5,599","1,684"
0424,2012,All,"64,544","162,191","226,455","6,465","1,296"
0425,2012,All,"29,725","73,699","103,284","5,871","1,863"
0426,2012,All,"42,187","72,420","114,461","6,305","1,488"
0427,2012,All,"37,043","106,739","143,021","6,316","12,700"
0428,2012,All,"53,427","131,234","184,588","5,550","3,519"
0429,2012,All,"413,438","466,119","879,348","12,902",48
0430,2012,All,"36,676","91,803","128,270","6,028","2,953"
0431,2012,All,"61,288","131,432","192,396","5,390","2,078"
0432,2012,All,"40,699","128,500","168,686","6,675","2,357"
0433,2012,All,"1,350,342","1,073,171","2,422,085","34,972",7
0434,2012,All,"162,805","271,585","434,253","11,162","9,875"
0435,2012,All,"33,474","77,402","110,658","5,161","4,739"
0436,2012,All,"49,204","141,637","190,029","5,096","16,068"
0437,2012,All,"14,998","41,979","56,947","4,421",965
0401,2012,Residential,"93,170","114,992","208,144","6,018","2,989"
0403,2012,Residential,"93,741","128,113","221,518","6,971","2,026"
0404,2012,Residential,"51,487","119,259","170,746","5,230","3,390"
0405,2012,Residential,"66,641","171,074","237,599","6,283","2,535"
0406,2012,Residential,"30,303","76,136","105,845","5,585","1,736"
0407,2012,Residential,"35,904","101,482","137,101","3,766",690
0408,2012,Residential,"13,096","41,875","54,752","1,344","19,719"
0409,2012,Residential,"37,808","99,371","136,981","8,584","23,785"
0410,2012,Residential,"37,506","128,821","166,328","4,710",468
0411,2012,Residential,"38,401","100,011","138,371","4,447","1,627"
0412,2012,Residential,"77,310","155,789","232,444","6,897","3,911"
0413,2012,Residential,"51,550","108,178","159,728","7,073",803
0414,2012,Residential,"17,249","55,340","72,440","3,746","3,679"
0415,2012,Residential,"54,859","143,308","198,054","6,254","19,757"
0416,2012,Residential,"78,259","145,558","223,389","6,986","4,718"
0417,2012,Residential,"253,572","237,188","490,760","12,682","4,100"
0418,2012,Residential,"121,387","166,499","287,887","7,427","2,539"
0419,2012,Residential,"48,075","102,430","150,425","4,726",126
0420,2012,Residential,"29,146","80,567","109,308","7,204",630
0421,2012,Residential,"37,180","99,498","136,678","5,391",988
0422,2012,Residential,"14,537","55,085","69,500","4,440","4,117"
0423,2012,Residential,"43,873","103,062","146,772","5,243","1,418"
0424,2012,Residential,"56,658","129,167","185,595","6,338","1,088"
0425,2012,Residential,"25,428","66,438","91,829","5,672","1,623"
0426,2012,Residential,"37,088","63,915","100,840","5,933","1,336"
0427,2012,Residential,"22,267","68,436","90,408","4,650","11,004"
0428,2012,Residential,"43,192","111,437","154,545","5,664","3,015"
0429,2012,Residential,"8,750","519,150","527,900","7,668",24
0430,2012,Residential,"29,314","69,927","99,241","5,249","2,599"
0431,2012,Residential,"52,785","106,716","159,112","5,164","1,692"
0432,2012,Residential,"28,763","77,720","106,104","5,812","2,119"
0433,2012,Residential,"833,333","711,667","1,545,000","22,727",3
0434,2012,Residential,"129,083","203,721","332,648","9,497","8,621"
0435,2012,Residential,"30,435","84,642","115,077","5,959","3,554"
0436,2012,Residential,"41,854","134,671","176,525","5,565","12,837"
0437,2012,Residential,"12,865","39,117","51,982","4,409",876
0501,2012,All,"980,501","307,540","1,288,021","6,258","5,772"
0502,2012,All,"527,506","235,019","762,517","5,184","4,218"
0503,2012,All,"658,996","137,989","796,970","3,540",703
0504,2012,All,"139,588","95,919","235,505","2,517","5,180"
0505,2012,All,"152,596","121,338","273,933","3,460","15,929"
0506,2012,All,"145,200","133,872","279,072","3,578","12,606"
0507,2012,All,"289,115","169,085","458,196","3,715","7,945"
0508,2012,All,"437,878","189,313","627,190","4,787","20,133"
0509,2012,All,"507,667","175,938","683,604","3,808","7,330"
0510,2012,All,"1,231,996","236,216","1,468,208","6,595","3,222"
0511,2012,All,"157,847","108,956","266,802","3,334","9,086"
0512,2012,All,"269,833","148,285","418,091","4,777","1,100"
0513,2012,All,"190,030","77,438","267,457","3,426",975
0514,2012,All,"190,945","135,749","326,685","5,434","5,520"
0515,2012,All,"282,303","162,124","444,426","4,546","5,421"
0516,2012,All,"64,825","115,237","180,001","1,309","1,593"
0501,2012,Residential,"978,804","324,819","1,303,623","6,498","5,311"
0502,2012,Residential,"422,363","207,974","630,337","4,919","3,427"
0503,2012,Residential,"640,290","153,176","793,466","3,847",600
0504,2012,Residential,"129,037","103,537","232,575","2,868","3,506"
0505,2012,Residential,"146,606","114,433","261,039","3,508","14,194"
0506,2012,Residential,"146,710","127,207","273,917","4,112","8,218"
0507,2012,Residential,"162,478","160,581","323,059","3,475","7,372"
0508,2012,Residential,"442,683","198,553","641,236","5,083","17,805"
0509,2012,Residential,"534,230","194,750","728,980","4,180","6,370"
0510,2012,Residential,"1,202,978","243,281","1,446,259","6,925","2,901"
0511,2012,Residential,"192,630","143,491","336,121","4,587","5,610"
0512,2012,Residential,"277,852","159,663","437,514","5,110",890
0513,2012,Residential,"189,923","92,869","282,792","3,701",781
0514,2012,Residential,"106,569","119,833","226,402","4,268","4,315"
0515,2012,Residential,"250,573","134,037","384,609","4,096","5,069"
0516,2012,Residential,"57,728","64,763","122,491","1,426","1,085"
0601,2012,All,"10,507","103,450","112,589","2,964","6,666"
0602,2012,All,"29,800","52,975","82,767","1,705","4,010"
0603,2012,All,"36,458","82,268","118,317","3,173","1,815"
0604,2012,All,"54,025","44,943","98,959","1,552","2,219"
0605,2012,All,"46,367","112,526","158,884","2,297","2,876"
0606,2012,All,"30,713","68,594","99,212","2,956",699
0607,2012,All,"27,925","80,516","108,331","3,571","2,499"
0608,2012,All,"19,605","41,891","61,493","1,148","4,557"
0609,2012,All,"35,822","69,906","105,699","1,604","4,412"
0610,2012,All,"39,278","129,350","168,513","4,358","10,739"
0611,2012,All,"33,080","116,470","149,509","3,055",247
0612,2012,All,"24,843","65,836","90,541","2,820",991
0613,2012,All,"50,481","148,088","198,569","4,280","3,733"
0614,2012,All,"24,092","101,395","124,748","4,233","20,765"
0601,2012,Residential,"6,352","49,740","54,481","2,964","4,478"
0602,2012,Residential,"35,904","77,188","113,093","2,633","2,147"
0603,2012,Residential,"39,153","98,240","137,393","4,184",963
0604,2012,Residential,"73,795","85,010","158,806","2,926",998
0605,2012,Residential,"45,675","112,016","157,691","3,256","1,608"
0606,2012,Residential,"33,676","105,794","139,469","4,527",300
0607,2012,Residential,"30,230","92,675","122,905","4,622","1,444"
0608,2012,Residential,"42,516","128,907","171,423","3,639","1,141"
0609,2012,Residential,"50,975","121,244","172,219","4,042","1,399"
0610,2012,Residential,"29,915","96,780","126,695","3,984","8,374"
0611,2012,Residential,"30,850","121,055","151,904","3,414",183
0612,2012,Residential,"27,279","99,201","126,480","4,326",372
0613,2012,Residential,"40,513","131,687","172,200","4,448","2,512"
0614,2012,Residential,"17,334","78,452","95,668","3,949","15,571"
0701,2012,All,"143,938","178,430","322,318","9,402","9,688"
0702,2012,All,"161,892","194,231","355,662","10,722","12,942"
0703,2012,All,"298,853","217,371","516,224","10,674","2,225"
0704,2012,All,"294,598","270,782","565,367","10,295","4,336"
0705,2012,All,"160,025","311,965","470,489","10,451","10,882"
0706,2012,All,"576,118","441,566","1,017,684","15,922",862
0707,2012,All,"317,625","448,409","766,035","13,340","3,764"
0708,2012,All,"352,092","276,381","628,462","17,641","2,389"
0709,2012,All,"173,491","170,802","344,293","10,351","9,785"
0710,2012,All,"396,852","390,362","787,214","14,815","10,749"
0711,2012,All,"313,513","235,289","548,776","13,750","7,411"
0712,2012,All,"528,586","763,542","1,292,047","21,244","6,684"
0713,2012,All,"250,964","332,182","583,146","16,718","11,036"
0714,2012,All,"145,416","244,759","385,507","7,516","48,236"
0715,2012,All,"343,105","412,211","755,297","14,136","2,264"
0716,2012,All,"172,881","239,524","412,346","11,763","9,080"
0717,2012,All,"123,697","217,334","340,762","9,937","5,455"
0718,2012,All,"365,845","417,825","783,602","14,943","2,261"
0719,2012,All,"204,290","388,600","592,787","15,881","4,816"
0720,2012,All,"226,427","218,867","445,268","10,478","5,205"
0721,2012,All,"299,660","309,652","609,292","12,614","3,880"
0722,2012,All,"173,457","254,465","427,846","13,619","14,673"
0701,2012,Residential,"108,620","135,942","244,562","7,919","8,364"
0702,2012,Residential,"130,463","150,317","280,313","9,336","11,664"
0703,2012,Residential,"247,709","177,201","424,910","9,867","1,904"
0704,2012,Residential,"242,825","227,578","470,404","9,376","3,915"
0705,2012,Residential,"111,524","130,704","241,990","8,053","8,874"
0706,2012,Residential,"476,024","461,812","937,836","16,762",785
0707,2012,Residential,"210,763","231,694","442,457","8,595","2,499"
0708,2012,Residential,"321,931","254,962","576,893","17,223","2,293"
0709,2012,Residential,"133,263","118,827","252,089","8,440","7,989"
0710,2012,Residential,"336,644","265,244","601,887","12,920","9,845"
0711,2012,Residential,"225,108","196,584","421,692","13,108","6,876"
0712,2012,Residential,"461,471","614,850","1,076,321","20,057","6,181"
0713,2012,Residential,"238,542","268,276","506,818","16,416","9,669"
0714,2012,Residential,"65,004","125,424","184,213","6,117","29,883"
0715,2012,Residential,"318,403","367,367","685,770","14,354","2,155"
0716,2012,Residential,"154,076","172,249","326,325","9,952","8,248"
0717,2012,Residential,"90,037","143,574","233,259","8,166","4,164"
0718,2012,Residential,"247,531","231,111","478,642","8,943","2,054"
0719,2012,Residential,"187,343","273,045","460,274","15,674","4,367"
0720,2012,Residential,"191,821","179,427","371,248","9,846","4,826"
0721,2012,Residential,"237,148","195,214","432,362","9,442","3,502"
0722,2012,Residential,"137,426","202,428","339,854","11,828","13,280"
0801,2012,All,"25,301","72,594","97,531","4,337","3,448"
0802,2012,All,"71,221","182,098","253,319","5,782","12,896"
0803,2012,All,"77,790","183,653","261,440","6,311","4,220"
0804,2012,All,"68,536","105,670","174,202","3,886","2,451"
0805,2012,All,"25,721","79,991","105,504","4,236","8,421"
0806,2012,All,"81,364","163,852","245,114","5,146","7,179"
0807,2012,All,"79,542","203,472","264,160","10,876","2,272"
0808,2012,All,"84,491","221,767","306,212","7,229","4,790"
0809,2012,All,"44,488","159,267","203,342","6,793","3,123"
0810,2012,All,"70,241","163,723","233,858","5,804","6,379"
0811,2012,All,"63,170","157,672","220,841","5,834","13,927"
0812,2012,All,"53,859","107,946","161,791","4,678","1,304"
0813,2012,All,"52,287","139,779","192,054","4,332",806
0814,2012,All,"21,726","93,007","114,362","5,155","2,459"
0815,2012,All,"35,864","94,436","130,160","6,229","3,351"
0816,2012,All,"96,899","196,614","293,506","6,143","1,471"
0817,2012,All,"52,308","163,556","215,834","5,958","1,037"
0818,2012,All,"45,025","108,786","153,601","7,520","18,052"
0819,2012,All,"112,962","179,462","292,413","8,178",944
0820,2012,All,"119,155","245,941","364,604","8,004","7,871"
0821,2012,All,"49,814","123,873","172,621","5,436","1,702"
0822,2012,All,"60,563","189,369","248,788","6,891","3,584"
0823,2012,All,"68,726","163,575","232,302","6,921","1,359"
0824,2012,All,"33,112","138,015","170,848","7,926","4,015"
0901,2012,All,"121,582","109,571","230,582","11,386","13,921"
0902,2012,All,"26,818","77,795","104,480","8,132",406
0903,2012,All,"113,213","198,631","311,823","9,624","2,732"
0904,2012,All,"72,534","144,297","216,626","11,047","2,839"
0905,2012,All,"74,200","182,147","256,166","8,497","16,561"
0906,2012,All,"44,776","131,346","173,859","6,696","60,595"
0907,2012,All,"67,278","103,617","169,754","11,705","8,583"
0908,2012,All,"89,959","143,730","233,340","9,770","12,603"
0909,2012,All,"180,028","331,480","510,563","16,634","5,555"
0910,2012,All,"89,086","104,127","192,249","9,294","9,742"
0911,2012,All,"164,846","204,480","368,969","15,057","3,450"
0912,2012,All,"62,114","137,733","199,068","7,678","7,943"
1001,2012,All,"136,570","234,494","371,064","6,919","2,424"
1002,2012,All,"105,229","191,355","296,517","7,949","1,877"
1003,2012,All,"108,159","171,467","279,601","5,538",434
1004,2012,All,"115,003","184,319","299,321","7,749",533
1005,2012,All,"135,820","271,331","407,151","9,513","1,082"
1006,2012,All,"162,746","308,659","471,405","9,703","5,353"
1007,2012,All,"139,774","200,062","339,802","6,665","2,818"
1008,2012,All,"170,813","201,239","372,052","6,800","2,231"
1009,2012,All,"171,253","262,466","427,132","10,541","1,204"
1010,2012,All,"145,250","192,426","337,627","7,489","1,707"
1011,2012,All,"123,929","153,436","277,234","6,743",587
1012,2012,All,"51,614","121,718","173,195","4,738",838
1013,2012,All,"73,486","154,670","228,156","6,449",587
1014,2012,All,"123,694","135,118","258,688","7,554","1,573"
1015,2012,All,"112,597","204,686","317,282","5,938","2,549"
1016,2012,All,"123,292","156,940","280,184","5,438","2,277"
1017,2012,All,"176,085","184,343","360,411","6,217","2,147"
1018,2012,All,"138,357","284,784","423,075","8,336",691
1019,2012,All,"110,534","203,638","314,053","6,742","2,942"
1020,2012,All,"88,557","130,678","219,179","6,498",585
1021,2012,All,"192,667","261,123","453,790","9,517","9,425"
1022,2012,All,"149,068","234,359","383,297","9,927","7,379"
1023,2012,All,"215,276","140,908","356,184","6,245",296
1024,2012,All,"201,030","254,073","454,921","9,614","3,119"
1025,2012,All,"187,732","230,138","417,600","8,367","2,272"
1026,2012,All,"101,504","196,163","297,649","6,292","1,706"
1101,2012,All,"158,262","190,943","349,176","9,548","8,619"
1102,2012,All,"63,000","143,001","205,183","7,969","12,426"
1103,2012,All,"51,966","119,285","170,793","6,755","33,215"
1104,2012,All,"135,763","229,675","365,438","8,780","1,740"
1105,2012,All,"264,624","198,881","463,493","9,517",802
1106,2012,All,"251,739","342,877","594,424","12,335","7,680"
1107,2012,All,"83,579","171,211","254,485","9,562","11,510"
1108,2012,All,"292,678","259,147","551,825","11,026","1,057"
1109,2012,All,"488,761","732,369","1,220,931","15,014","2,984"
1110,2012,All,"457,278","466,534","923,774","15,254","5,970"
1111,2012,All,"25,527","125,649","149,598","4,033","27,633"
1112,2012,All,"219,313","229,309","448,142","10,855","5,934"
1113,2012,All,"288,417","442,142","730,252","15,972","9,052"
1201,2012,All,"142,486","226,115","368,594","9,251","5,857"
1202,2012,All,"332,462","684,440","1,004,113","17,387","1,605"
1203,2012,All,"26,234","50,310","75,491","7,741","2,167"
1204,2012,All,"34,220","86,195","119,882","10,265","17,739"
1205,2012,All,"127,268","148,268","275,105","11,507","28,545"
1206,2012,All,"82,174","112,624","194,787","5,143","1,001"
1207,2012,All,"87,447","96,526","183,873","10,781","3,432"
1208,2012,All,"46,833","98,081","143,884","6,816","1,847"
1209,2012,All,"96,755","106,163","202,013","9,534","5,267"
1210,2012,All,"35,777","71,408","106,837","7,534","4,985"
1211,2012,All,"84,767","110,075","194,748","7,942","2,640"
1212,2012,All,"46,929","127,711","174,412","6,651","21,709"
1213,2012,All,"76,267","280,630","351,869","8,524","7,876"
1214,2012,All,"89,296","154,164","243,077","10,114","11,712"
1215,2012,All,"69,297","114,371","183,422","7,300","20,628"
1216,2012,All,"181,252","239,856","420,974","9,760","9,530"
1217,2012,All,"49,920","160,457","209,694","9,715","14,671"
1218,2012,All,"228,665","459,264","685,513","14,695","5,958"
1219,2012,All,"69,223","148,357","216,601","7,531","13,303"
1220,2012,All,"151,556","161,992","313,548","6,282","3,174"
1221,2012,All,"107,776","167,732","274,016","11,325","14,587"
1222,2012,All,"54,591","124,685","178,229","8,531","8,496"
1223,2012,All,"24,155","67,426","91,443","5,432","5,159"
1224,2012,All,"127,540","143,207","270,645","7,050","2,981"
1225,2012,All,"38,330","84,583","121,045","9,737","29,782"
1301,2012,All,"163,970","147,044","310,998","6,883","7,222"
1302,2012,All,"1,284,335","470,228","1,754,518","11,809",348
1303,2012,All,"148,285","185,137","333,408","7,161",699
1304,2012,All,"34,238","91,938","124,406","4,841","4,863"
1305,2012,All,"229,729","131,356","360,169","7,747","1,944"
1306,2012,All,"604,694","317,522","922,204","8,967","1,108"
1307,2012,All,"210,270","177,119","387,389","6,620","2,963"
1308,2012,All,"354,773","194,888","549,657","6,673","2,162"
1309,2012,All,"544,792","229,773","774,561","10,288","2,171"
1310,2012,All,"436,166","421,286","857,438","12,001","3,975"
1311,2012,All,"1,801,646","536,303","2,337,939","15,426",957
1312,2012,All,"348,950","359,713","708,294","12,523","3,523"
1313,2012,All,"206,000","172,797","378,796","7,063",719
1314,2012,All,"285,036","271,294","556,326","12,387","2,182"
1315,2012,All,"117,204","253,928","371,109","6,127",444
1316,2012,All,"176,687","188,086","363,797","7,170","3,501"
1317,2012,All,"215,728","301,111","516,837","9,290","13,232"
1318,2012,All,"193,253","174,040","367,284","7,908","7,039"
1319,2012,All,"136,899","118,174","255,019","5,646","2,619"
1320,2012,All,"347,567","345,146","692,597","12,343","6,100"
1321,2012,All,"113,264","130,848","244,112","6,025","24,513"
1322,2012,All,"257,885","213,321","471,125","6,993",433
1323,2012,All,"67,986","105,979","173,737","4,931","3,408"
1324,2012,All,"185,165","178,394","363,461","6,656","2,441"
1325,2012,All,"222,074","287,798","509,757","11,142","2,590"
1326,2012,All,"797,703","263,140","1,060,721","21,794",150
1327,2012,All,"247,306","242,619","488,677","7,933","9,944"
1328,2012,All,"128,598","257,318","385,915","7,464","15,594"
1329,2012,All,"301,936","225,980","527,825","7,856","3,299"
1330,2012,All,"218,263","277,103","495,330","9,742","14,546"
1331,2012,All,"196,615","186,067","382,610","8,782","2,922"
1332,2012,All,"232,829","203,729","436,193","8,347","25,151"
1333,2012,All,"144,557","242,474","387,028","9,343","4,366"
1334,2012,All,"311,807","281,509","593,303","7,360","2,211"
1335,2012,All,"145,884","148,192","293,758","6,470","11,130"
1336,2012,All,"123,064","141,931","264,928","6,724","1,717"
1337,2012,All,"255,835","217,149","472,929","9,538","9,669"
1338,2012,All,"285,946","322,338","608,242","9,091","2,355"
1339,2012,All,"326,408","282,120","608,501","9,095","4,308"
1340,2012,All,"174,992","110,745","285,690","6,440",367
1341,2012,All,"616,504","538,790","1,155,207","16,894","2,661"
1342,2012,All,"233,300","178,373","411,540","6,641","1,325"
1343,2012,All,"1,342,415","361,135","1,703,543","10,976","1,343"
1344,2012,All,"202,567","292,902","495,185","12,672","1,680"
1345,2012,All,"81,280","67,485","148,740","4,149",395
1346,2012,All,"231,238","154,248","385,486","6,204","1,034"
1347,2012,All,"1,263,339","499,636","1,762,964","10,455","2,107"
1348,2012,All,"319,378","201,341","520,715","6,330","2,292"
1349,2012,All,"206,836","277,355","484,160","7,392","7,311"
1350,2012,All,"93,278","104,620","197,763","5,774","2,520"
1351,2012,All,"154,597","223,942","378,495","7,100","3,589"
1352,2012,All,"156,071","213,255","368,889","9,249","11,168"
1353,2012,All,"295,278","298,219","593,493","9,611","2,652"
1401,2012,All,"196,479","219,066","415,542","9,689","2,854"
1402,2012,All,"280,208","290,116","570,293","9,684","1,827"
1403,2012,All,"152,579","139,833","292,333","8,192","2,779"
1404,2012,All,"452,039","261,286","713,262","11,686","3,087"
1405,2012,All,"439,564","315,407","754,943","11,887","4,186"
1406,2012,All,"249,513","337,932","587,431","12,834",713
1407,2012,All,"298,683","364,514","663,123","12,905","3,112"
1408,2012,All,"154,846","190,774","345,620","8,795","7,191"
1409,2012,All,"179,039","211,055","390,094","6,495","4,391"
1410,2012,All,"232,122","331,439","562,266","11,199","4,592"
1411,2012,All,"496,220","565,165","1,061,370","12,086","3,519"
1412,2012,All,"288,260","391,721","679,918","10,235","5,696"
1413,2012,All,"731,472","417,103","1,148,420","10,670","2,034"
1414,2012,All,"156,315","149,117","305,420","6,875","9,343"
1415,2012,All,"194,688","237,286","431,974","11,894","3,942"
1416,2012,All,"159,348","192,860","352,208","7,908","4,169"
1417,2012,All,"293,431","229,925","522,113","12,105","4,679"
1418,2012,All,"363,991","375,852","739,730","12,887","1,910"
1419,2012,All,"428,296","445,473","873,698","15,423","2,338"
1420,2012,All,"145,588","144,090","289,672","6,393","1,634"
1421,2012,All,"239,813","341,698","581,510","11,755","8,144"
1422,2012,All,"230,752","260,844","491,385","10,768","8,283"
1423,2012,All,"284,612","345,424","630,033","11,709","2,329"
1424,2012,All,"281,214","300,242","580,470","13,058","4,555"
1425,2012,All,"488,614","370,151","858,760","15,952","1,722"
1426,2012,All,"138,405","163,905","302,307","6,980","2,334"
1427,2012,All,"168,522","213,080","381,544","10,780","8,442"
1428,2012,All,"196,733","167,219","363,850","7,675",983
1429,2012,All,"227,145","266,432","493,333","11,702","15,901"
1430,2012,All,"202,315","187,701","389,591","10,068","3,604"
1431,2012,All,"223,119","257,862","480,981","9,113","5,457"
1432,2012,All,"150,235","228,548","378,457","11,871","8,228"
1433,2012,All,"266,328","221,541","487,961","6,727","1,925"
1434,2012,All,"194,827","182,343","377,048","8,323","2,268"
1435,2012,All,"190,025","208,868","398,894","10,118","10,045"
1436,2012,All,"89,660","149,402","238,496","8,783","9,090"
1437,2012,All,"118,971","109,037","228,008","5,015",333
1438,2012,All,"159,809","263,221","422,983","9,075","7,259"
1439,2012,All,"158,465","252,282","410,742","9,609","1,937"
1501,2012,All,"84,516","106,283","190,760","4,184","12,837"
1502,2012,All,"588,910","254,730","843,612","5,728","1,338"
1503,2012,All,"1,191,143","430,165","1,621,300","10,366","1,086"
1504,2012,All,"464,855","152,782","617,606","6,414","2,767"
1505,2012,All,"126,495","129,060","255,555","3,979","4,314"
1506,2012,All,"109,281","117,097","226,358","3,237","28,242"
1507,2012,All,"179,940","159,202","339,096","6,290","33,467"
1508,2012,All,"229,689","183,885","413,574","6,005","42,198"
1509,2012,All,"108,062","83,828","191,883","3,298","1,453"
1510,2012,All,"692,309","273,920","966,211","7,699","1,324"
1511,2012,All,"262,157","135,382","397,505","6,316",938
1512,2012,All,"125,655","218,703","344,352","6,489","21,001"
1513,2012,All,"131,190","123,485","254,675","3,434","18,286"
1514,2012,All,"131,019","157,831","288,850","4,367",860
1515,2012,All,"123,786","170,775","294,442","5,741","25,438"
1516,2012,All,"523,902","169,897","693,655","5,989","2,765"
1517,2012,All,"118,502","120,132","238,632","3,880","13,054"
1518,2012,All,"620,331","206,182","826,487","7,054","9,268"
1519,2012,All,"78,471","153,232","231,703","3,403","21,685"
1520,2012,All,"2,072,887","771,182","2,844,050","15,262",573
1521,2012,All,"107,683","123,359","231,034","3,666","5,805"
1522,2012,All,"131,542","109,629","241,163","4,502","1,143"
1523,2012,All,"178,144","150,480","328,611","5,024",975
1524,2012,All,"215,892","171,770","387,470","5,086","3,256"
1525,2012,All,"243,604","166,653","410,220","6,626","8,331"
1526,2012,All,"563,777","208,043","771,820","7,669","3,365"
1527,2012,All,"303,490","137,038","440,524","6,058","2,095"
1528,2012,All,"485,670","147,385","633,036","6,881","2,113"
1529,2012,All,"372,201","185,477","557,655","5,252","2,096"
1530,2012,All,"108,231","126,210","234,441","4,259","1,294"
1531,2012,All,"162,925","141,422","304,329","5,254","15,655"
1532,2012,All,"478,041","215,374","693,364","6,188","2,297"
1533,2012,All,"127,507","107,800","235,266","4,470","2,035"
1601,2012,All,"136,662","152,573","289,235","9,679","2,762"
1602,2012,All,"115,811","130,579","246,070","10,726","23,677"
1603,2012,All,"64,716","133,674","198,390","9,737","2,041"
1604,2012,All,"106,748","110,807","217,554","10,254","6,129"
1605,2012,All,"233,401","296,678","530,079","9,453","4,279"
1606,2012,All,"175,309","250,473","425,522","9,306","3,159"
1607,2012,All,"60,784","134,611","195,112","10,437","8,894"
1608,2012,All,"196,163","242,962","439,125","9,098","25,334"
1609,2012,All,"58,293","107,028","165,322","9,540","4,139"
1610,2012,All,"46,845","119,834","166,679","9,420","1,196"
1611,2012,All,"207,844","176,832","384,676","9,332","4,873"
1612,2012,All,"357,176","346,706","703,880","12,033","3,920"
1613,2012,All,"55,427","143,093","198,520","8,022","4,412"
1614,2012,All,"143,843","176,168","320,011","13,300","18,544"
1615,2012,All,"107,172","143,457","250,543","7,571","12,233"
1616,2012,All,"245,324","246,150","491,457","10,564","3,888"
1701,2012,All,"50,195","92,554","142,740","2,990","2,284"
1702,2012,All,"65,978","169,530","235,505","4,680","3,591"
1703,2012,All,"37,373","172,522","209,800","4,103",669
1704,2012,All,"53,283","92,162","145,434","3,020",863
1705,2012,All,"30,998","143,405","174,297","2,007","1,318"
1706,2012,All,"39,102","163,190","202,278","3,772","1,367"
1707,2012,All,"63,309","137,243","200,553","3,600","1,399"
1708,2012,All,"31,938","104,402","136,334","3,557","1,770"
1709,2012,All,"61,354","136,300","197,630","5,587","6,335"
1710,2012,All,"82,389","152,818","235,203","5,124","2,210"
1711,2012,All,"47,533","113,358","160,856","4,126","4,152"
1712,2012,All,"33,190","79,160","112,315","2,412","1,879"
1713,2012,All,"41,571","101,551","143,118","3,764","2,288"
1714,2012,All,"73,153","99,658","172,806","3,335","2,157"
1715,2012,All,"90,356","177,895","268,244","5,695","1,358"
1801,2012,All,"192,013","304,391","496,404","6,014","4,887"
1802,2012,All,"293,604","366,318","659,922","11,621","10,347"
1803,2012,All,"330,669","435,463","766,132","12,395","3,141"
1804,2012,All,"138,800","199,158","337,605","8,281","2,703"
1805,2012,All,"173,834","350,928","524,495","10,448","5,674"
1806,2012,All,"263,195","284,280","547,475","9,921","16,619"
1807,2012,All,"396,762","519,426","916,187","10,635",494
1808,2012,All,"153,274","269,861","422,990","8,589","22,475"
1809,2012,All,"270,721","255,320","526,021","11,263","2,798"
1810,2012,All,"162,991","235,464","398,402","8,153","14,854"
1811,2012,All,"170,644","154,648","325,291","6,572","3,810"
1812,2012,All,"151,198","189,289","340,486","6,365",206
1813,2012,All,"233,195","293,695","526,742","13,152","7,626"
1814,2012,All,"142,002","191,556","333,488","9,356","5,456"
1815,2012,All,"282,272","445,229","727,501","12,634","1,016"
1816,2012,All,"183,692","342,769","526,399","11,493","2,250"
1817,2012,All,"195,921","232,358","428,165","7,243",319
1818,2012,All,"182,422","305,580","487,501","10,854","3,329"
1819,2012,All,"106,518","170,579","277,097","6,384","1,491"
1820,2012,All,"260,379","414,803","675,182","12,667","6,289"
1821,2012,All,"298,186","433,060","731,246","13,617","2,288"
1901,2012,All,"54,689","91,580","145,654","4,907",338
1902,2012,All,"94,915","155,201","250,039","7,402","2,689"
1903,2012,All,"142,460","228,480","370,940","6,457",413
1904,2012,All,"104,427","131,911","236,333","6,865","4,229"
1905,2012,All,"147,954","144,123","292,074","5,041","3,495"
1906,2012,All,"101,018","176,760","277,719","6,745","1,883"
1907,2012,All,"106,330","189,941","296,265","6,962","1,590"
1908,2012,All,"143,281","226,900","370,168","8,021","1,620"
1909,2012,All,"38,614","96,615","135,100","5,503","1,568"
1910,2012,All,"45,658","106,298","151,807","5,225","2,912"
1911,2012,All,"97,354","167,735","265,062","5,323","4,813"
1912,2012,All,"151,468","118,371","269,839","5,404","7,778"
1913,2012,All,"138,980","192,024","330,997","6,311","1,446"
1914,2012,All,"33,548","57,794","91,194","2,659","3,087"
1915,2012,All,"116,789","273,083","389,824","9,119","2,487"
1916,2012,All,"109,370","162,269","271,629","6,421",972
1917,2012,All,"228,955","82,352","311,302","2,753","1,917"
1918,2012,All,"108,512","173,469","281,747","9,443","8,931"
1919,2012,All,"99,386","123,559","222,917","6,043","1,749"
1920,2012,All,"40,498","60,842","101,243","4,238","2,763"
1921,2012,All,"31,675","119,848","150,896","5,338",661
1922,2012,All,"107,249","100,899","208,127","5,107","13,994"
1923,2012,All,"364,297","142,764","506,710",194,65
1924,2012,All,"114,039","151,391","265,394","5,279","5,647"
2001,2012,All,"187,255","217,806","404,834","13,229","4,828"
2002,2012,All,"61,563","92,674","154,049","10,046","5,351"
2003,2012,All,"104,651","122,181","226,218","10,528","8,234"
2004,2012,All,"30,518","57,257","86,685","10,629","19,493"
2005,2012,All,"33,801","54,703","88,351","10,444","2,664"
2006,2012,All,"47,981","79,759","127,592","9,768","1,568"
2007,2012,All,"67,974","87,061","154,937","9,618","6,493"
2008,2012,All,"118,602","184,463","302,878","11,397","3,059"
2009,2012,All,"102,671","158,040","260,278","12,206","12,176"
2010,2012,All,"110,337","115,965","225,978","10,349","2,752"
2011,2012,All,"150,446","196,670","346,377","13,346","4,063"
2012,2012,All,"54,010","86,353","139,585","8,124","10,771"
2013,2012,All,"72,900","143,225","215,639","10,146","8,452"
2014,2012,All,"76,141","81,588","157,230","10,089","5,902"
2015,2012,All,"31,839","56,900","88,564","9,410","3,656"
2016,2012,All,"55,002","92,678","147,430","11,264","8,143"
2017,2012,All,"95,846","135,029","230,578","12,559","5,384"
2018,2012,All,"233,379","286,434","519,201","17,425","6,876"
2019,2012,All,"29,072","39,883","68,412","9,757","17,783"
2020,2012,All,"82,144","117,492","199,114","14,311","10,058"
2021,2012,All,"1,452","2,296","2,914",0,699
2101,2012,All,"85,672","144,500","230,134","5,855","2,727"
2102,2012,All,"79,377","130,585","209,930","5,519","1,098"
2103,2012,All,"39,060","110,810","149,563","5,941","1,128"
2104,2012,All,"91,521","187,863","279,318","5,385","2,920"
2105,2012,All,"80,332","182,831","263,151","6,665","1,743"
2106,2012,All,"73,686","146,039","219,675","4,203","1,467"
2107,2012,All,"62,659","230,589","293,087","7,564","2,090"
2108,2012,All,"154,765","272,657","427,476","9,350","2,874"
2109,2012,All,"99,301","120,724","219,863","4,173","1,034"
2110,2012,All,"63,285","227,702","290,891","6,384","1,778"
2111,2012,All,"108,698","131,378","240,075","4,815","1,206"
2112,2012,All,"111,882","187,840","299,722","5,752","2,448"
2113,2012,All,"54,311","109,034","163,196","4,736","1,754"
2114,2012,All,"64,127","108,181","172,234","4,669","1,692"
2115,2012,All,"93,151","163,849","256,997","6,158","3,508"
2116,2012,All,"89,387","131,294","220,602","6,139","3,248"
2117,2012,All,"77,163","125,864","202,994","4,491","1,236"
2119,2012,All,"67,791","160,573","226,146","4,768","5,380"
2120,2012,All,"75,106","122,916","197,968","6,514","1,882"
2121,2012,All,"47,605","116,669","163,662","7,119","2,463"
2122,2012,All,"73,013","164,758","237,766","7,008","3,102"
2123,2012,All,"100,049","152,269","252,246","4,446","2,517"
0801,2012,Residential,"22,196","74,681","96,581","5,010","2,557"
0802,2012,Residential,"40,986","138,016","179,001","4,828","10,069"
0803,2012,Residential,"75,153","190,107","265,259","7,081","3,352"
0804,2012,Residential,"79,156","153,311","232,467","5,516","1,378"
0805,2012,Residential,"26,367","95,647","122,014","5,385","5,546"
0806,2012,Residential,"60,080","127,836","187,811","5,779","4,704"
0807,2012,Residential,"24,763","76,887","101,650","3,789","1,834"
0808,2012,Residential,"77,598","236,372","313,970","8,104","3,745"
0809,2012,Residential,"18,956","89,145","108,101","3,708","2,100"
0810,2012,Residential,"59,391","144,774","204,052","5,792","5,378"
0811,2012,Residential,"58,339","165,338","223,676","6,392","10,749"
0812,2012,Residential,"46,216","105,995","152,211","5,217","1,089"
0813,2012,Residential,"51,376","153,317","204,694","5,002",589
0814,2012,Residential,"12,580","59,123","71,703","3,617","1,976"
0815,2012,Residential,"31,688","77,911","109,562","6,072","2,998"
0816,2012,Residential,"105,303","248,544","353,847","7,873",913
0817,2012,Residential,"44,882","141,609","186,491","5,982",797
0818,2012,Residential,"35,884","92,884","128,768","6,827","16,109"
0819,2012,Residential,"115,718","192,579","308,297","9,167",815
0820,2012,Residential,"58,146","150,021","207,966","4,942","6,695"
0821,2012,Residential,"36,862","100,645","136,952","4,994","1,398"
0822,2012,Residential,"38,565","102,419","140,504","6,026","2,898"
0823,2012,Residential,"44,302","134,170","178,473","6,760","1,077"
0824,2012,Residential,"28,854","149,664","178,518","8,925","3,046"
0901,2012,Residential,"59,482","71,801","131,035","9,028","11,221"
0902,2012,Residential,"14,445","62,168","76,613","6,394",334
0903,2012,Residential,"100,384","152,772","253,156","8,295","2,387"
0904,2012,Residential,"38,133","102,870","140,996","8,657","1,978"
0905,2012,Residential,"28,254","115,028","143,282","6,803","14,189"
0906,2012,Residential,"14,088","79,605","92,385","6,411","35,960"
0907,2012,Residential,"28,765","66,370","94,750","8,939","7,116"
0908,2012,Residential,"47,444","89,144","136,588","6,639","10,853"
0909,2012,Residential,"66,306","108,044","173,938","6,315","4,755"
0910,2012,Residential,"58,813","62,099","120,913","7,215","6,302"
0911,2012,Residential,"95,904","143,868","239,773","10,270","2,796"
0912,2012,Residential,"42,307","61,029","102,333","6,698","4,389"
1001,2012,Residential,"167,710","272,991","440,701","8,906","1,502"
1002,2012,Residential,"119,585","236,115","355,700","10,035","1,261"
1003,2012,Residential,"102,406","163,340","265,745","5,834",316
1004,2012,Residential,"129,604","198,274","327,878","9,123",386
1005,2012,Residential,"110,439","256,821","367,260","9,018",856
1006,2012,Residential,"123,447","280,570","404,017","9,500","4,333"
1007,2012,Residential,"191,027","263,019","454,047","9,335","1,319"
1008,2012,Residential,"214,565","217,810","432,375","8,307","1,235"
1009,2012,Residential,"94,510","152,084","246,145","6,536",855
1010,2012,Residential,"186,875","238,951","425,826","10,057",900
1011,2012,Residential,"118,481","141,606","260,087","6,871",419
1012,2012,Residential,"50,241","132,316","182,557","5,197",705
1013,2012,Residential,"74,965","166,689","241,654","7,402",451
1014,2012,Residential,"120,842","139,045","259,772","8,276","1,342"
1015,2012,Residential,"120,142","226,094","346,236","6,806","1,868"
1016,2012,Residential,"156,776","201,518","358,294","7,271","1,166"
1017,2012,Residential,"185,355","170,956","356,311","6,611","1,603"
1018,2012,Residential,"93,690","186,096","279,786","5,650",544
1019,2012,Residential,"114,216","188,486","302,702","8,038","2,028"
1020,2012,Residential,"91,699","136,916","228,614","7,383",417
1021,2012,Residential,"178,126","218,563","396,690","8,979","7,808"
1022,2012,Residential,"143,463","219,433","362,896","9,930","5,580"
1023,2012,Residential,"224,084","148,051","372,135","7,315",208
1024,2012,Residential,"245,037","299,366","544,403","11,987","1,927"
1025,2012,Residential,"92,902","210,054","302,956","8,384","1,745"
1026,2012,Residential,"116,918","247,517","364,435","8,495",913
1101,2012,Residential,"121,182","144,145","265,327","7,651","7,719"
1102,2012,Residential,"42,631","80,885","123,308","6,467","10,670"
1103,2012,Residential,"41,828","92,055","133,855","5,794","28,812"
1104,2012,Residential,"116,099","147,958","264,057","8,328","1,459"
1105,2012,Residential,"258,005","174,129","432,135","9,501",661
1106,2012,Residential,"214,643","260,012","474,655","11,205","5,867"
1107,2012,Residential,"58,387","102,441","160,828","6,904","9,894"
1108,2012,Residential,"280,050","218,320","498,370","11,694",872
1109,2012,Residential,"419,949","328,207","748,155","15,263","2,110"
1110,2012,Residential,"440,889","374,309","815,198","16,155","4,895"
1111,2012,Residential,"13,914","50,692","62,832","3,512","21,319"
1112,2012,Residential,"180,212","204,643","384,855","9,975","4,779"
1113,2012,Residential,"214,641","309,309","523,950","12,633","8,021"
1201,2012,Residential,"80,460","126,035","206,489","6,313","5,153"
1202,2012,Residential,"225,794","379,349","605,143","10,582","1,163"
1203,2012,Residential,"22,235","42,101","64,336","7,434","1,943"
1204,2012,Residential,"26,878","67,750","94,629","8,885","15,837"
1205,2012,Residential,"83,323","93,381","176,704","8,110","25,376"
1206,2012,Residential,"83,928","122,513","206,441","5,678",870
1207,2012,Residential,"66,416","73,654","139,951","9,570","2,867"
1208,2012,Residential,"39,953","84,312","124,230","6,534","1,562"
1209,2012,Residential,"85,196","89,129","174,294","8,950","4,576"
1210,2012,Residential,"31,174","62,023","93,124","6,996","4,197"
1211,2012,Residential,"73,530","91,114","164,644","7,567","2,391"
1212,2012,Residential,"40,368","125,101","165,470","6,579","18,042"
1213,2012,Residential,"33,077","85,350","118,272","6,277","5,344"
1214,2012,Residential,"51,812","105,378","157,165","7,579","9,668"
1215,2012,Residential,"55,382","97,220","152,602","6,729","18,192"
1216,2012,Residential,"118,119","147,182","265,282","7,227","7,629"
1217,2012,Residential,"23,997","86,997","110,991","7,179","13,089"
1218,2012,Residential,"141,042","246,103","387,146","9,286","5,475"
1219,2012,Residential,"48,861","95,181","143,746","6,294","12,017"
1220,2012,Residential,"129,211","145,876","275,086","6,251","2,690"
1221,2012,Residential,"69,366","120,419","189,785","8,483","12,319"
1222,2012,Residential,"34,461","89,165","122,904","6,246","7,203"
1223,2012,Residential,"21,562","61,185","82,746","5,504","4,426"
1224,2012,Residential,"122,038","132,850","254,888","7,202","2,537"
1225,2012,Residential,"20,495","55,579","75,743","7,004","26,486"
1301,2012,Residential,"146,927","135,223","282,150","6,698","6,191"
1302,2012,Residential,"1,309,983","497,693","1,807,676","12,730",296
1303,2012,Residential,"143,179","146,920","290,098","7,475",594
1304,2012,Residential,"19,491","60,939","79,355","4,427","3,409"
1305,2012,Residential,"216,365","122,332","338,175","8,022","1,636"
1306,2012,Residential,"593,804","321,846","915,649","9,248","1,004"
1307,2012,Residential,"173,844","164,774","338,618","6,426","2,622"
1308,2012,Residential,"335,351","187,471","522,822","6,648","1,922"
1309,2012,Residential,"527,934","226,033","753,967","10,307","1,942"
1310,2012,Residential,"399,863","435,464","835,327","12,983","3,083"
1311,2012,Residential,"1,711,055","562,566","2,273,620","16,202",862
1312,2012,Residential,"143,314","161,531","304,566","6,398","2,905"
1313,2012,Residential,"187,164","145,999","333,163","6,629",606
1314,2012,Residential,"272,980","277,872","550,852","12,803","2,020"
1315,2012,Residential,"100,466","216,296","316,761","5,575",354
1316,2012,Residential,"136,927","122,832","259,415","5,977","2,959"
1317,2012,Residential,"146,992","252,925","399,917","7,967","11,374"
1318,2012,Residential,"152,115","149,376","301,490","7,088","6,271"
1319,2012,Residential,"124,131","111,344","235,435","5,724","2,254"
1320,2012,Residential,"303,083","313,977","617,061","12,093","5,442"
1321,2012,Residential,"119,788","156,089","275,877","7,474","16,510"
1322,2012,Residential,"268,847","234,129","502,975","7,627",393
1323,2012,Residential,"55,786","89,534","145,282","4,711","3,020"
1324,2012,Residential,"126,729","146,628","273,320","5,878","1,966"
1325,2012,Residential,"209,234","291,480","500,713","11,533","2,301"
1326,2012,Residential,"820,044","275,724","1,095,768","22,752",135
1327,2012,Residential,"194,313","188,648","382,961","7,320","8,415"
1328,2012,Residential,"120,871","257,907","378,778","7,662","13,837"
1329,2012,Residential,"276,701","224,800","501,501","8,081","2,883"
1330,2012,Residential,"207,488","272,911","480,399","9,841","12,977"
1331,2012,Residential,"169,908","166,757","336,582","8,215","2,441"
1332,2012,Residential,"194,703","182,207","376,740","7,980","22,357"
1333,2012,Residential,"151,206","298,550","449,756","11,726","3,059"
1334,2012,Residential,"309,187","298,387","607,574","7,838","1,995"
1335,2012,Residential,"120,344","119,407","239,750","5,943","9,673"
1336,2012,Residential,"94,380","117,331","211,710","5,596","1,489"
1337,2012,Residential,"220,035","186,055","406,090","8,694","8,441"
1338,2012,Residential,"248,354","201,869","450,224","9,177","2,022"
1339,2012,Residential,"252,234","149,191","401,393","6,906","3,377"
1340,2012,Residential,"136,142","113,629","249,771","6,990",309
1341,2012,Residential,"592,141","557,689","1,149,830","17,458","2,443"
1342,2012,Residential,"208,526","192,466","400,992","6,759","1,060"
1343,2012,Residential,"1,188,568","353,896","1,542,463","11,446","1,226"
1344,2012,Residential,"135,309","262,248","397,557","10,789","1,298"
1345,2012,Residential,"121,639","46,350","167,989","4,625",122
1346,2012,Residential,"231,380","155,569","386,949","6,378",913
1347,2012,Residential,"1,159,556","512,237","1,671,793","10,806","1,883"
1348,2012,Residential,"282,226","175,723","457,949","5,727","2,128"
1349,2012,Residential,"124,818","181,337","306,155","6,048","6,190"
1350,2012,Residential,"89,254","93,116","182,285","5,946","2,144"
1351,2012,Residential,"151,443","295,738","447,181","9,639","2,077"
1352,2012,Residential,"123,648","180,283","303,931","8,381","9,362"
1353,2012,Residential,"229,753","241,475","471,229","8,839","2,268"
1401,2012,Residential,"169,498","189,799","359,298","8,895","2,378"
1402,2012,Residential,"289,029","305,898","594,927","10,916","1,502"
1403,2012,Residential,"141,074","110,719","251,793","7,602","2,408"
1404,2012,Residential,"436,251","222,247","658,498","11,522","2,695"
1405,2012,Residential,"437,305","309,536","746,841","12,463","3,688"
1406,2012,Residential,"203,003","262,063","465,066","11,157",463
1407,2012,Residential,"273,537","385,373","658,909","14,435","2,532"
1408,2012,Residential,"141,463","168,911","310,374","8,622","5,976"
1409,2012,Residential,"127,121","157,244","284,365","5,433","3,628"
1410,2012,Residential,"165,296","195,211","360,507","7,468","3,934"
1411,2012,Residential,"386,180","269,745","655,925","8,551","3,097"
1412,2012,Residential,"196,704","218,308","415,012","7,027","4,951"
1413,2012,Residential,"727,253","477,392","1,204,645","12,693","1,415"
1414,2012,Residential,"154,279","148,921","303,200","7,324","7,873"
1415,2012,Residential,"188,952","252,839","441,792","12,824","3,403"
1416,2012,Residential,"144,544","176,574","321,118","7,645","3,590"
1417,2012,Residential,"224,734","184,699","409,433","11,093","4,190"
1418,2012,Residential,"335,765","344,820","680,585","12,987","1,618"
1419,2012,Residential,"415,094","481,876","896,970","17,078","1,947"
1420,2012,Residential,"133,722","144,905","278,627","6,675","1,337"
1421,2012,Residential,"218,440","309,899","528,339","11,311","7,034"
1422,2012,Residential,"176,777","218,445","395,223","9,409","7,607"
1423,2012,Residential,"234,690","204,574","439,264","8,261","1,934"
1424,2012,Residential,"198,517","149,022","347,539","9,236","3,575"
1425,2012,Residential,"450,984","404,464","855,448","18,232","1,355"
1426,2012,Residential,"131,531","153,931","285,461","6,859","2,039"
1427,2012,Residential,"138,242","173,271","311,513","9,488","6,337"
1428,2012,Residential,"161,857","130,967","292,725","6,521",818
1429,2012,Residential,"150,957","157,784","308,741","7,830","14,268"
1430,2012,Residential,"190,663","197,159","387,822","11,003","2,906"
1431,2012,Residential,"206,334","161,393","367,727","8,077","4,755"
1432,2012,Residential,"129,010","207,511","336,521","11,271","7,185"
1433,2012,Residential,"204,974","150,699","355,673","5,309","1,614"
1434,2012,Residential,"168,822","131,337","300,159","7,236","1,888"
1435,2012,Residential,"141,092","172,446","313,538","8,996","8,533"
1436,2012,Residential,"72,655","135,943","208,597","8,061","7,841"
1437,2012,Residential,"112,307","71,845","184,152","4,130",295
1438,2012,Residential,"167,406","269,218","436,624","10,176","5,657"
1439,2012,Residential,"112,089","176,606","288,695","7,319","1,695"
1501,2012,Residential,"94,446","143,991","238,436","5,675","8,197"
1502,2012,Residential,"505,914","275,634","781,548","5,989","1,181"
1503,2012,Residential,"1,102,918","453,917","1,556,836","10,988",959
1504,2012,Residential,"495,927","166,685","662,612","7,096","2,245"
1505,2012,Residential,"129,133","130,602","259,735","4,370","3,721"
1506,2012,Residential,"84,639","115,608","200,247","3,563","22,906"
1507,2012,Residential,"163,017","140,066","303,083","6,000","30,649"
1508,2012,Residential,"202,689","152,377","355,066","5,480","38,115"
1509,2012,Residential,"125,592","133,515","259,107","5,004",710
1510,2012,Residential,"712,567","291,738","1,004,306","8,279","1,197"
1511,2012,Residential,"246,440","142,888","389,327","6,544",809
1512,2012,Residential,"112,600","216,614","329,214","6,677","17,586"
1513,2012,Residential,"163,527","152,445","315,972","4,602","11,406"
1514,2012,Residential,"110,515","111,254","221,768","4,368",699
1515,2012,Residential,"96,544","136,613","233,157","5,299","19,868"
1516,2012,Residential,"522,394","168,419","690,813","6,092","2,625"
1517,2012,Residential,"123,355","135,396","258,751","4,487","10,190"
1518,2012,Residential,"673,607","231,443","905,050","7,814","7,987"
1519,2012,Residential,"66,319","128,318","194,637","3,549","15,720"
1520,2012,Residential,"2,116,025","838,374","2,954,399","16,000",521
1521,2012,Residential,"112,389","150,442","262,822","4,534","4,246"
1522,2012,Residential,"130,924","111,081","242,005","4,731","1,048"
1523,2012,Residential,"171,652","156,156","327,808","5,316",886
1524,2012,Residential,"192,727","179,340","371,845","5,823","2,423"
1525,2012,Residential,"227,300","154,950","382,250","6,488","7,666"
1526,2012,Residential,"491,827","195,031","686,858","7,207","2,816"
1527,2012,Residential,"194,968","104,055","299,022","4,427","1,716"
1528,2012,Residential,"416,368","142,455","558,823","6,981","1,930"
1529,2012,Residential,"347,559","182,413","529,971","5,219","1,831"
1530,2012,Residential,"92,322","121,266","213,589","4,179","1,104"
1531,2012,Residential,"169,229","131,232","300,460","5,644","12,607"
1532,2012,Residential,"465,152","214,360","679,513","6,258","2,127"
1533,2012,Residential,"120,467","103,682","224,149","4,693","1,582"
1601,2012,Residential,"117,348","137,939","255,286","9,410","2,452"
1602,2012,Residential,"85,847","90,822","176,669","8,457","21,209"
1603,2012,Residential,"47,653","109,136","156,789","9,499","1,702"
1604,2012,Residential,"88,885","94,591","183,475","9,363","5,461"
1605,2012,Residential,"190,849","187,708","378,556","8,085","3,636"
1606,2012,Residential,"156,511","220,296","376,807","9,466","2,937"
1607,2012,Residential,"51,392","79,560","130,552","9,011","6,296"
1608,2012,Residential,"165,445","175,513","340,957","8,810","17,760"
1609,2012,Residential,"49,814","95,547","145,360","9,153","3,707"
1610,2012,Residential,"39,768","107,366","147,134","9,169","1,085"
1611,2012,Residential,"188,096","167,148","355,244","9,428","4,313"
1612,2012,Residential,"164,474","237,396","401,871","7,873","3,429"
1613,2012,Residential,"49,448","81,409","130,857","8,150","3,880"
1614,2012,Residential,"105,656","123,160","228,816","10,751","16,651"
1615,2012,Residential,"101,374","145,595","246,970","8,281","9,874"
1616,2012,Residential,"154,283","210,981","365,264","8,857","3,354"
1701,2012,Residential,"58,640","134,008","192,648","4,603","1,076"
1702,2012,Residential,"47,975","122,190","170,166","3,925","2,514"
1703,2012,Residential,"32,837","135,744","168,581","4,377",477
1704,2012,Residential,"67,822","118,720","186,542","4,023",545
1705,2012,Residential,"29,587","95,315","124,902","1,535",560
1706,2012,Residential,"37,950","134,561","172,510","3,971",415
1707,2012,Residential,"39,936","147,364","187,300","4,392",606
1708,2012,Residential,"26,126","85,113","111,239","3,882","1,220"
1709,2012,Residential,"49,580","107,671","157,251","4,833","4,672"
1710,2012,Residential,"92,230","195,460","287,690","6,667","1,207"
1711,2012,Residential,"50,889","135,721","186,610","5,261","2,568"
1712,2012,Residential,"41,234","118,625","159,859","3,805",870
1713,2012,Residential,"23,316","76,273","99,589","3,657","1,528"
1714,2012,Residential,"99,143","139,514","238,658","5,005",909
1715,2012,Residential,"80,833","139,144","219,977","5,710","1,101"
1801,2012,Residential,"143,140","193,691","336,832","4,223","4,049"
1802,2012,Residential,"269,480","307,957","577,437","10,939","9,526"
1803,2012,Residential,"319,635","444,585","764,220","13,066","2,508"
1804,2012,Residential,"117,494","165,733","282,810","7,480","2,281"
1805,2012,Residential,"134,470","276,204","410,673","8,724","4,843"
1806,2012,Residential,"229,808","181,397","411,205","8,004","14,842"
1807,2012,Residential,"417,877","503,120","920,997","11,114",301
1808,2012,Residential,"107,714","203,839","311,392","6,666","19,305"
1809,2012,Residential,"250,413","230,186","480,599","10,929","2,357"
1810,2012,Residential,"146,237","225,167","371,404","8,082","12,520"
1811,2012,Residential,"164,436","136,323","300,759","6,536","3,260"
1812,2012,Residential,"123,514","200,960","324,474","7,832",154
1813,2012,Residential,"231,274","270,589","501,864","13,599","6,381"
1814,2012,Residential,"104,136","154,292","258,354","7,677","4,951"
1815,2012,Residential,"254,069","365,922","619,991","11,535",722
1816,2012,Residential,"155,992","164,455","320,445","7,235","1,907"
1817,2012,Residential,"174,657","231,974","406,631","7,746",258
1818,2012,Residential,"124,366","154,361","278,509","8,264","2,657"
1819,2012,Residential,"101,772","138,660","240,432","6,693","1,195"
1820,2012,Residential,"245,360","380,504","625,864","12,380","5,149"
1821,2012,Residential,"255,878","377,326","633,204","12,256","1,929"
1901,2012,Residential,"55,840","97,627","153,468","5,506",191
1902,2012,Residential,"81,963","160,773","242,736","7,901","2,004"
1903,2012,Residential,"126,480","169,427","295,907","5,416",278
1904,2012,Residential,"107,289","145,731","253,020","7,930","3,221"
1905,2012,Residential,"174,591","166,494","341,085","6,327","2,153"
1906,2012,Residential,"70,726","144,355","215,081","5,758","1,437"
1907,2012,Residential,"114,862","220,797","335,659","8,391","1,077"
1908,2012,Residential,"162,986","251,500","414,486","9,690","1,141"
1909,2012,Residential,"33,976","99,863","133,839","5,556","1,340"
1910,2012,Residential,"43,431","106,923","150,353","5,832","1,901"
1911,2012,Residential,"76,547","173,280","249,827","5,543","3,668"
1912,2012,Residential,"171,196","137,395","308,590","6,473","6,077"
1913,2012,Residential,"170,399","235,917","406,316","8,385",720
1914,2012,Residential,"20,676","85,025","105,702","3,817","1,700"
1915,2012,Residential,"80,205","141,884","222,090","7,216","1,962"
1916,2012,Residential,"104,516","163,632","268,148","6,935",803
1917,2012,Residential,"115,721","137,577","253,298","4,871",813
1918,2012,Residential,"110,619","185,249","295,868","10,585","6,984"
1919,2012,Residential,"107,130","118,024","225,154","6,949","1,366"
1920,2012,Residential,"43,925","79,374","123,299","5,789","1,686"
1921,2012,Residential,"28,765","87,191","115,955","5,138",460
1922,2012,Residential,"108,485","114,152","222,637","5,862","10,674"
1923,2012,Residential,"20,283","42,133","62,417",184,9
1924,2012,Residential,"122,482","178,294","300,775","6,474","3,541"
2001,2012,Residential,"149,932","157,481","307,413","11,019","4,396"
2002,2012,Residential,"43,333","77,643","120,976","8,884","4,843"
2003,2012,Residential,"80,259","101,260","181,519","9,544","7,488"
2004,2012,Residential,"9,151","26,040","34,657","7,867","15,121"
2005,2012,Residential,"32,551","52,069","84,620","10,302","2,484"
2006,2012,Residential,"36,975","65,736","102,711","8,348","1,312"
2007,2012,Residential,"52,900","69,603","122,503","8,489","5,652"
2008,2012,Residential,"71,744","105,463","177,207","6,987","2,514"
2009,2012,Residential,"51,915","86,121","138,036","7,692","10,075"
2010,2012,Residential,"62,108","102,875","164,983","9,642","2,411"
2011,2012,Residential,"130,258","155,711","285,969","12,022","3,684"
2012,2012,Residential,"43,369","68,249","111,617","7,815","9,200"
2013,2012,Residential,"54,291","79,719","134,009","7,702","7,351"
2014,2012,Residential,"57,860","61,095","118,955","9,074","5,162"
2015,2012,Residential,"24,877","45,759","70,636","8,451","3,309"
2016,2012,Residential,"36,948","84,888","121,836","11,252","7,322"
2017,2012,Residential,"62,230","97,327","159,557","9,727","4,786"
2018,2012,Residential,"193,443","211,247","404,691","15,548","6,173"
2019,2012,Residential,"18,403","27,576","45,978","7,584","16,126"
2020,2012,Residential,"73,551","108,710","182,261","13,910","9,180"
2021,2012,Residential,0,"1,556","1,556",0,689
2101,2012,Residential,"81,713","170,844","252,557","7,136","2,065"
2102,2012,Residential,"67,319","114,560","181,878","5,154",805
2103,2012,Residential,"37,206","83,960","121,166","5,884",833
2104,2012,Residential,"101,235","194,698","295,933","6,437","1,868"
2105,2012,Residential,"100,913","202,839","303,752","8,356",962
2106,2012,Residential,"97,200","219,172","316,372","6,645",601
2107,2012,Residential,"54,626","215,960","270,585","7,120","1,758"
2108,2012,Residential,"107,840","176,035","283,875","7,070","2,364"
2109,2012,Residential,"67,904","178,220","246,124","6,738",447
2110,2012,Residential,"60,560","143,040","203,601","4,747",974
2111,2012,Residential,"127,984","169,033","297,017","6,559",654
2112,2012,Residential,"114,939","204,640","319,578","6,461","1,879"
2113,2012,Residential,"53,875","151,665","205,540","6,564",947
2114,2012,Residential,"77,627","150,791","228,418","6,617","1,019"
2115,2012,Residential,"82,044","147,935","229,979","5,939","2,872"
2116,2012,Residential,"86,472","150,811","237,283","7,272","1,794"
2117,2012,Residential,"75,856","139,097","214,953","5,770",856
2119,2012,Residential,"48,350","103,702","152,052","3,963","4,492"
2120,2012,Residential,"63,211","102,312","165,524","5,833","1,231"
2121,2012,Residential,"41,901","100,707","142,608","6,636","1,954"
2122,2012,Residential,"71,759","174,344","246,103","7,882","2,278"
2123,2012,Residential,"100,530","167,288","267,819","5,168","1,552"